{
    "latency_stateful": [
        0.035580795169372216,
        0.045016022400501406,
        0.02105896690780485,
        0.016211723858018185,
        0.023449308647216158,
        0.010060089508960432,
        0.033373943638787346,
        0.04485394281039707,
        0.015061324788817547,
        0.010564216027462754,
        0.018001846516113994,
        0.03488714792518337,
        0.04558474131723985,
        0.034995377170356695,
        0.039717796298501834,
        0.01377657928850395,
        0.04525411174502241,
        0.04125169308408119,
        0.03132573420189521,
        0.01738808803497692,
        0.02834106284855164,
        0.011631328202222919,
        0.01270150584988759,
        0.04125337433387174,
        0.03067188666809518,
        0.04166202499081208,
        0.036755391189557826,
        0.026474232089499478,
        0.04004328655658495,
        0.039048683992333556,
        0.03705946517017781,
        0.029007537586414306,
        0.025278480417682443,
        0.047836566097132986,
        0.04628038569938521,
        0.02979323024487191,
        0.032608899229959874,
        0.011348634445493274,
        0.036621806884324926,
        0.01961441790412273,
        0.04261823235756957,
        0.037508658120826203,
        0.01847960079404106,
        0.02056586311396618,
        0.012371611297831785,
        0.03271640784551521,
        0.02140449973851737,
        0.011550426617094333,
        0.020988807798509944,
        0.02612066122542088,
        0.037645176245857,
        0.04972055522787371,
        0.028513935976948,
        0.04711794555168898,
        0.012946858985489617,
        0.03499872934703932,
        0.034383171241296515,
        0.015794636344427456,
        0.036964413920562045,
        0.044763151342635414,
        0.022003466104739106
    ],
    "latency_stateless": [
        0.017764279848193225,
        0.012356926113842003,
        0.027232620880391342,
        0.022711944735217322,
        0.01445969153612518,
        0.02022574403286979,
        0.02732583758457486,
        0.017332906312875387,
        0.028996289610498667,
        0.02489754144292418,
        0.01621511571795075,
        0.019190160152713923,
        0.0108426984464792,
        0.025083550297170958,
        0.027822874585418024,
        0.017300223663453018,
        0.023471128523533665,
        0.01601213392495048,
        0.020226096525814558,
        0.02103330936711372,
        0.019909841473279878,
        0.027326855775287276,
        0.016727423418110003,
        0.02912838396681039,
        0.025465321213461074,
        0.026844363836431136,
        0.011884882872731723,
        0.018292927590450273,
        0.02123601353314864,
        0.016006141411808665,
        0.01866709003321863,
        0.028963584525338038,
        0.010228043128579185,
        0.021434790510593556,
        0.0240847308896167,
        0.010084592539272685,
        0.01580060844897868,
        0.016218883288851994,
        0.024880515003362396,
        0.013804070633458277,
        0.02996631040146295,
        0.014355391384378122,
        0.0260961063724897,
        0.01563473127692451,
        0.026307496162831435,
        0.027291297183407802,
        0.022724839823936624,
        0.012863149337636364,
        0.010839364039336854,
        0.017796767930668818,
        0.028797368613879902,
        0.01884555491578555,
        0.019966545421914214,
        0.017155186601140862,
        0.024446060138870997,
        0.016094626837234234,
        0.028741184058237668,
        0.012794581735717259,
        0.016144492199068647,
        0.022131231907812306,
        0.010886090855843307
    ],
    "throughput_stateful": [
        0.822096024153139,
        0.774919887997493,
        0.8947051654609758,
        0.918941380709909,
        0.8827534567639193,
        0.9496995524551979,
        0.8331302818060633,
        0.7757302859480146,
        0.9246933760559123,
        0.9471789198626862,
        0.9099907674194301,
        0.8255642603740831,
        0.7720762934138008,
        0.8250231141482165,
        0.8014110185074909,
        0.9311171035574802,
        0.773729441274888,
        0.7937415345795941,
        0.8433713289905239,
        0.9130595598251154,
        0.8582946857572418,
        0.9418433589888854,
        0.9364924707505621,
        0.7937331283306412,
        0.8466405666595241,
        0.7916898750459396,
        0.8162230440522109,
        0.8676288395525026,
        0.7997835672170752,
        0.8047565800383323,
        0.814702674149111,
        0.8549623120679285,
        0.8736075979115878,
        0.7608171695143351,
        0.768598071503074,
        0.8510338487756405,
        0.8369555038502006,
        0.9432568277725336,
        0.8168909655783754,
        0.9019279104793864,
        0.7869088382121522,
        0.812456709395869,
        0.9076019960297947,
        0.8971706844301691,
        0.9381419435108411,
        0.8364179607724239,
        0.8929775013074132,
        0.9422478669145283,
        0.8950559610074502,
        0.8693966938728956,
        0.811774118770715,
        0.7513972238606315,
        0.85743032011526,
        0.7644102722415551,
        0.9352657050725519,
        0.8250063532648034,
        0.8280841437935174,
        0.9210268182778627,
        0.8151779303971898,
        0.7761842432868229,
        0.8899826694763044
    ],
    "throughput_stateless": [
        0.9467071604554204,
        0.9629292216584739,
        0.9183021373588259,
        0.931864165794348,
        0.9566209253916245,
        0.9393227679013907,
        0.9180224872462754,
        0.9480012810613738,
        0.913011131168504,
        0.9253073756712275,
        0.9513546528461477,
        0.9424295195418583,
        0.9674719046605624,
        0.9247493491084872,
        0.9165313762437459,
        0.9480993290096409,
        0.929586614429399,
        0.9519635982251485,
        0.9393217104225563,
        0.9369000718986589,
        0.9402704755801604,
        0.9180194326741382,
        0.94981772974567,
        0.9126148480995688,
        0.9236040363596167,
        0.9194669084907066,
        0.9643453513818048,
        0.9451212172286492,
        0.9362919594005541,
        0.951981575764574,
        0.9439987299003441,
        0.9131092464239858,
        0.9693158706142625,
        0.9356956284682193,
        0.9277458073311499,
        0.969746222382182,
        0.952598174653064,
        0.9513433501334441,
        0.9253584549899128,
        0.9585877880996252,
        0.9101010687956111,
        0.9569338258468656,
        0.9217116808825309,
        0.9530958061692265,
        0.9210775115115057,
        0.9181261084497766,
        0.9318254805281901,
        0.9614105519870909,
        0.9674819078819894,
        0.9466096962079935,
        0.9136078941583603,
        0.9434633352526434,
        0.9401003637342573,
        0.9485344401965774,
        0.926661819583387,
        0.9517161194882973,
        0.913776447825287,
        0.9616162547928482,
        0.951566523402794,
        0.9336063042765631,
        0.96734172743247
    ],