{
    "latency_stateful": [
        0.016057385172896736,
        0.0459994795862273,
        0.018377559054114343,
        0.029648709798957548,
        0.048358799029286574,
        0.014417685727464562,
        0.0371187898357208,
        0.045389843533397985,
        0.028033118947224177,
        0.010542172346472985,
        0.021885082917968375,
        0.03629372306189091,
        0.022923022424268295,
        0.014676635376873474,
        0.04701549868189155,
        0.012091164992872825,
        0.03514803895115112,
        0.022788289674846186,
        0.044444454986837786,
        0.014594841014058894,
        0.047626831114718104,
        0.026202869944698247,
        0.031090011571492514,
        0.012414569926114415,
        0.014470116801134282,
        0.01070415325946092,
        0.018803983677081245,
        0.022737271379374938,
        0.04917788550310704,
        0.048159816129055566,
        0.03217046041925638,
        0.019238337253208466,
        0.03402870691050782,
        0.012683847862328203,
        0.030427503775803694,
        0.014086460751408266,
        0.0254594411452107,
        0.026164998895739505,
        0.039709622776163335,
        0.022552537800407522,
        0.046598131197472706,
        0.019675077294432356,
        0.03857194549623351,
        0.033725781524341074,
        0.03392823874425636,
        0.04422986839134788,
        0.04330844699905213,
        0.021042182406986673,
        0.023914951010686827,
        0.013052869338687798,
        0.029036299126193245,
        0.011362935379608335,
        0.011968061856063836,
        0.030787003486969583,
        0.033105488006951005,
        0.017032002816499792,
        0.010812071760473909,
        0.038260633563525145,
        0.01138594670495861,
        0.01360044738868043
    ],
    "latency_stateless": [
        0.02513757009199117,
        0.01175652476963434,
        0.02900605446051941,
        0.010576298788100732,
        0.013800455222405465,
        0.013583758189677643,
        0.015596055816457021,
        0.026792327327052806,
        0.019876971552836017,
        0.01050534505709697,
        0.025013219565509316,
        0.01025977238402173,
        0.02031984818048764,
        0.020108742246015887,
        0.027328660562169337,
        0.01579175147124173,
        0.021011594141401767,
        0.020366858074002958,
        0.02073961397146827,
        0.014085200913447282,
        0.015476426068188597,
        0.019896957051190788,
        0.026918020471851503,
        0.024097821633489315,
        0.015864575962859118,
        0.02958507095084676,
        0.011919020007406234,
        0.02525075848916127,
        0.020965071125605445,
        0.022333063839620318,
        0.01942842057554126,
        0.0194304179217154,
        0.013437257245164163,
        0.01956291897148432,
        0.013309296516654068,
        0.016840591685492977,
        0.021795495579755794,
        0.015318275943465312,
        0.014598595681624998,
        0.010570576544486118,
        0.019772914791377563,
        0.02839139228571466,
        0.015557829778680778,
        0.020100451936460935,
        0.01277518953505472,
        0.016437174085781363,
        0.02140667697966297,
        0.026515213568870655,
        0.020069700198412154,
        0.016973797270885944,
        0.02091344253063622,
        0.020801080730232603,
        0.025559229066298008,
        0.027101429211396272,
        0.01197853829712231,
        0.028461150877440944,
        0.020509320788770723,
        0.022227508124245753,
        0.025870866695886473,
        0.024110971000891573
    ],
    "throughput_stateful": [
        0.9201974998111297,
        0.7698472986597151,
        0.9080747226728557,
        0.8514940991813086,
        0.7582019399443244,
        0.9276326242021503,
        0.8143735128633424,
        0.7729363651156639,
        0.8597732991102365,
        0.9473307612642489,
        0.8906248073175953,
        0.8183760372764075,
        0.8854831923622166,
        0.9265070939110808,
        0.7647197346142367,
        0.9396069262872185,
        0.8244117410337537,
        0.8860105536013401,
        0.7778365690900014,
        0.9270528566096923,
        0.761682368184967,
        0.8688843644037683,
        0.8446919892877512,
        0.9378767409767083,
        0.9276724665912373,
        0.9464825939467367,
        0.9059466210731613,
        0.8862167371543777,
        0.7539675548459271,
        0.7592949271463347,
        0.839050757015876,
        0.9039834026478694,
        0.8298130756999036,
        0.9365740547040098,
        0.8478165183479169,
        0.9296367887226187,
        0.8725312757415464,
        0.8693491860554146,
        0.8015700783807478,
        0.8872044544310441,
        0.767064456220801,
        0.90164763064916,
        0.8072825148396183,
        0.8313581936630172,
        0.8301566904878739,
        0.7791394284577138,
        0.7834301998073936,
        0.8949567977450731,
        0.8804685213965743,
        0.9344764255336753,
        0.8548292188348457,
        0.9429158442010656,
        0.9403415044150505,
        0.846078260671231,
        0.834626594254312,
        0.9147950137820834,
        0.9459914535730527,
        0.8086715448788837,
        0.9428176229745213,
        0.9318860912038273
    ],
    "throughput_stateless": [
        0.9245872897240265,
        0.964730425691097,
        0.9129818366184418,
        0.9682711036356978,
        0.9585986343327836,
        0.9592487254309671,
        0.9532118325506289,
        0.9196230180188416,
        0.940369085341492,
        0.9684839648287091,
        0.924960341303472,
        0.9692206828479348,
        0.9390404554585371,
        0.9396737732619523,
        0.9180140183134919,
        0.9526247455862749,
        0.9369652175757948,
        0.9388994257779911,
        0.9377811580855951,
        0.9577443972596582,
        0.9535707217954342,
        0.9403091288464276,
        0.9192459385844455,
        0.927706535099532,
        0.9524062721114226,
        0.9112447871474597,
        0.9642429399777813,
        0.9242477245325162,
        0.9371047866231836,
        0.9330008084811391,
        0.9417147382733763,
        0.9417087462348538,
        0.9596882282645075,
        0.941311243085547,
        0.9600721104500378,
        0.9494782249435211,
        0.9346135132607326,
        0.954045172169604,
        0.956204212955125,
        0.9682882703665416,
        0.9406812556258674,
        0.914825823142856,
        0.9533265106639577,
        0.9396986441906172,
        0.9616744313948359,
        0.9506884777426559,
        0.9357799690610111,
        0.920454359293388,
        0.9397908994047636,
        0.9490786081873421,
        0.9372596724080914,
        0.9375967578093022,
        0.923322312801106,
        0.9186957123658112,
        0.964064385108633,
        0.9146165473676772,
        0.9384720376336878,
        0.9333174756272627,
        0.9223873999123406,
        0.9276670869973253
    ],