{
    "latency_stateful": [
        0.01383434462307858,
        0.04674984796833473,
        0.019794798638513238,
        0.027655808335911837,
        0.03519808926649628,
        0.04212771380449143,
        0.015365502649595296,
        0.04532596561012782,
        0.01710385612844581,
        0.02322151531706544,
        0.04156275369975254,
        0.020207075806745012,
        0.024012919957516258,
        0.0473525518755992,
        0.017343975977008694,
        0.04109244871703709,
        0.040813935731323164,
        0.043296266989596245,
        0.03772185817721535,
        0.036084104685370065,
        0.0427987746403325,
        0.04595284009086525,
        0.04735631529051996,
        0.04739276375519512,
        0.03760820106091389,
        0.021414153358810282,
        0.02575235502458676,
        0.02167025900862425,
        0.040952133333584745,
        0.048453034318874,
        0.04894737701860864,
        0.014132487182005856,
        0.0110338421033115,
        0.02265746798763961,
        0.01669696995439029,
        0.026005756574022695,
        0.01641794091161134,
        0.024920727269903097,
        0.0465126340998491,
        0.04158143758231668,
        0.01794353735910629,
        0.04579966260258041,
        0.02782695852820309,
        0.012736659841063692,
        0.04326146426168422,
        0.028069137305037815,
        0.04011733420005704,
        0.01971097344452717,
        0.036309115149260676,
        0.024971528120538315,
        0.04108640194054456,
        0.013857732533347487,
        0.01780661209268646,
        0.046826643601050245,
        0.03225775725807129,
        0.04262300379385501,
        0.016045370443723134,
        0.027507709795790987,
        0.04628227062175272,
        0.0241017210173601,
        0.016749059180707255
    ],
    "latency_stateless": [
        0.013152273958455672,
        0.015875606310590533,
        0.01363695142218228,
        0.013978142536426642,
        0.023552859579666567,
        0.016496261426822943,
        0.01006324900377388,
        0.026566511691575367,
        0.021484863112633694,
        0.021794201052788984,
        0.02387828914954314,
        0.025093427641337294,
        0.029445304429739222,
        0.019319019260408896,
        0.028935228750012587,
        0.019279417877656448,
        0.020746128187640676,
        0.015299607921957871,
        0.015340011563147357,
        0.013008857188375387,
        0.014602722016974535,
        0.024836017891799435,
        0.029236936601263863,
        0.025525201767830297,
        0.02010465805224782,
        0.02661760690774883,
        0.023629427369875847,
        0.02283067569324708,
        0.014179434993284102,
        0.011055469593099106,
        0.029153342178209987,
        0.02999220465362852,
        0.011987207344619524,
        0.010769219041014537,
        0.027254917282191066,
        0.025014761139066498,
        0.025818862660286594,
        0.023129705867276536,
        0.020199792381546334,
        0.024268841202506535,
        0.02674967723453888,
        0.018567885702548963,
        0.016318855952257554,
        0.014843373104910733,
        0.025088508598963943,
        0.02739804155423787,
        0.015280217805721382,
        0.01378106314156708,
        0.02246960303325399,
        0.018873362181891083,
        0.017275026835694603,
        0.01712390537971733,
        0.0152702048772344,
        0.027643781976375084,
        0.018282213174196003,
        0.026004878178041257,
        0.011412819073758464,
        0.029869154001531194,
        0.015458381042523246,
        0.020525424271030355,
        0.018781439889635772
    ],
    "throughput_stateful": [
        0.9308282768846071,
        0.7662507601583264,
        0.9010260068074338,
        0.8617209583204408,
        0.8240095536675186,
        0.7893614309775429,
        0.9231724867520236,
        0.7733701719493609,
        0.914480719357771,
        0.8838924234146728,
        0.7921862315012373,
        0.8989646209662749,
        0.8799354002124187,
        0.763237240622004,
        0.9132801201149565,
        0.7945377564148145,
        0.7959303213433842,
        0.7835186650520187,
        0.8113907091139232,
        0.8195794765731497,
        0.7860061267983375,
        0.7702357995456738,
        0.7632184235474002,
        0.7630361812240244,
        0.8119589946954305,
        0.8929292332059486,
        0.8712382248770663,
        0.8916487049568788,
        0.7952393333320763,
        0.75773482840563,
        0.7552631149069569,
        0.9293375640899707,
        0.9448307894834425,
        0.8867126600618019,
        0.9165151502280485,
        0.8699712171298866,
        0.9179102954419434,
        0.8753963636504845,
        0.7674368295007545,
        0.7920928120884165,
        0.9102823132044686,
        0.7710016869870979,
        0.8608652073589845,
        0.9363167007946815,
        0.7836926786915789,
        0.8596543134748109,
        0.7994133289997148,
        0.9014451327773642,
        0.8184544242536966,
        0.8751423593973084,
        0.7945679902972772,
        0.9307113373332626,
        0.9109669395365677,
        0.7658667819947488,
        0.8387112137096435,
        0.786884981030725,
        0.9197731477813843,
        0.8624614510210451,
        0.7685886468912364,
        0.8794913949131995,
        0.9162547040964637
    ],
    "throughput_stateless": [
        0.960543178124633,
        0.9523731810682284,
        0.9590891457334532,
        0.9580655723907201,
        0.9293414212610003,
        0.9505112157195311,
        0.9698102529886784,
        0.920300464925274,
        0.935545410662099,
        0.934617396841633,
        0.9283651325513705,
        0.9247197170759881,
        0.9116640867107824,
        0.9420429422187733,
        0.9131943137499623,
        0.9421617463670307,
        0.9377616154370779,
        0.9541011762341264,
        0.953979965310558,
        0.9609734284348739,
        0.9561918339490764,
        0.9254919463246016,
        0.9122891901962085,
        0.923424394696509,
        0.9396860258432566,
        0.9201471792767535,
        0.9291117178903725,
        0.9315079729202588,
        0.9574616950201477,
        0.9668335912207027,
        0.9125399734653701,
        0.9100233860391145,
        0.9640383779661414,
        0.9676923428769564,
        0.9182352481534268,
        0.9249557165828005,
        0.9225434120191403,
        0.9306108823981704,
        0.939400622855361,
        0.9271934763924804,
        0.9197509682963834,
        0.9442963428923531,
        0.9510434321432273,
        0.9554698806852678,
        0.9247344742031082,
        0.9178058753372864,
        0.9541593465828359,
        0.9586568105752987,
        0.932591190900238,
        0.9433799134543267,
        0.9481749194929162,
        0.948628283860848,
        0.9541893853682968,
        0.9170686540708748,
        0.9451533604774119,
        0.9219853654658763,
        0.9657615427787246,
        0.9103925379954064,
        0.9536248568724303,
        0.9384237271869089,
        0.9436556803310927
    ],