{
    "latency_stateful": [
        0.032268876380370376,
        0.010508183307790717,
        0.04478098076087077,
        0.01801043247718614,
        0.04732360084332758,
        0.02798950603990087,
        0.03565513949899733,
        0.021879045241772907,
        0.015180719673357781,
        0.024594933784413988,
        0.03942146819222242,
        0.013261974346015601,
        0.02399934680546239,
        0.03866624576188851,
        0.02238606082536551,
        0.028742969959536804,
        0.02596833718546518,
        0.031888320508490636,
        0.03879029310320116,
        0.02379350249813848,
        0.0332732191744126,
        0.03868512655425281,
        0.016786199794781104,
        0.02585600952346208,
        0.04098522728026212,
        0.018955292839405925,
        0.03019263957645795,
        0.02205882001599252,
        0.024689024660034538,
        0.03956675039194917,
        0.029922498144971846,
        0.014682623448095358,
        0.04976140733303748,
        0.023776453358262232,
        0.024131771350420626,
        0.04209138059797468,
        0.04460808081458838,
        0.03128428140819447,
        0.039001365244069,
        0.029305735106507143,
        0.037682282580206825,
        0.015427685961485835,
        0.03415754367102672,
        0.015578535407620914,
        0.02350968920789772,
        0.042408757107211606,
        0.03777073405725643,
        0.03309597323775988,
        0.012477377607081595,
        0.01532874406430758,
        0.02190329392216262,
        0.029584972808184368,
        0.04367143619744418,
        0.029371521554072702,
        0.04962861628101893,
        0.03339732857669504,
        0.03280705588109046,
        0.022023296121624257,
        0.010799084352092644,
        0.034401945245828944
    ],
    "latency_stateless": [
        0.014594888358088875,
        0.012291157623084668,
        0.013141290416846618,
        0.018153713490577053,
        0.018530416011746563,
        0.013899214500963679,
        0.012661827921535236,
        0.028364343815430126,
        0.013525458952994857,
        0.024663446952315194,
        0.026620125954591456,
        0.025026376439076924,
        0.013894499736748953,
        0.02213433831793827,
        0.021057072430721982,
        0.017886441103798646,
        0.014611495156959798,
        0.027920734218849053,
        0.01810002539215315,
        0.01284231405922072,
        0.022869739123956026,
        0.01178768813224229,
        0.023498532641824575,
        0.010190372524840625,
        0.025803155372055957,
        0.01202552074839058,
        0.026289975677826725,
        0.02802406242767231,
        0.027362732212867044,
        0.019240095195517642,
        0.01869844443600776,
        0.02511362341592613,
        0.022820797732767614,
        0.022672166594622532,
        0.02301676204378321,
        0.011167519720125592,
        0.020304970200000542,
        0.025446449810267974,
        0.01689815237522185,
        0.016923821468595952,
        0.02121454130648706,
        0.016574880082312258,
        0.028734998671303733,
        0.029790073303664552,
        0.028327696577972267,
        0.029782537890970073,
        0.02503988947755978,
        0.02870862997625305,
        0.028522526155852407,
        0.025245673797678954,
        0.016886188371017446,
        0.028846693603067713,
        0.02502067033407037,
        0.02473620828605984,
        0.014942988740868142,
        0.01812696734884557,
        0.02017605975216284,
        0.022149623495116566,
        0.02825252082583772,
        0.026153108190716833
    ],
    "throughput_stateful": [
        0.8387078761811353,
        0.9475199528560002,
        0.7762519646559354,
        0.9101064043766972,
        0.7632779316964874,
        0.8600702458508458,
        0.821749079806596,
        0.8904344202124098,
        0.9242342513274328,
        0.8769171929986211,
        0.8029794994898208,
        0.9336815811498101,
        0.8799025511933262,
        0.8066458094993533,
        0.888112095884874,
        0.8562481897446397,
        0.8695727809633631,
        0.8407816257194679,
        0.8062480799909781,
        0.8809905398302686,
        0.8335612620285877,
        0.8065186578440067,
        0.9161069842190767,
        0.8710068026897325,
        0.7949633507605683,
        0.9052249924635265,
        0.8491222280257403,
        0.8898322702583356,
        0.8765061731245454,
        0.8021116858358576,
        0.8504274218187348,
        0.9266416105736038,
        0.7509849525785041,
        0.8811505301442588,
        0.8794751639598841,
        0.7895903161102841,
        0.7769541981785996,
        0.8435596191359913,
        0.8048856286030849,
        0.8535005760880909,
        0.8118364876725072,
        0.9229234862639611,
        0.8290690932933649,
        0.9220217524708201,
        0.882309648315175,
        0.7877236226334319,
        0.8109703927198108,
        0.8345899846293736,
        0.9373549988810481,
        0.923489992410847,
        0.8904506983362029,
        0.8518116538032259,
        0.7815669672129552,
        0.8530787674161386,
        0.7521412604421748,
        0.8329885482539795,
        0.8360235660097828,
        0.8899247270838964,
        0.946023526899196,
        0.8279724544159955
    ],
    "throughput_stateless": [
        0.9562153349257334,
        0.963126527130746,
        0.9605761287494602,
        0.9455388595282689,
        0.9444087519647603,
        0.9583023564971089,
        0.9620145162353942,
        0.9149069685537097,
        0.9594236231410154,
        0.9260096591430544,
        0.9201396221362257,
        0.9249208706827692,
        0.9583165007897532,
        0.9335969850461852,
        0.9368287827078341,
        0.9463406766886041,
        0.9561655145291206,
        0.9162377973434528,
        0.9456999238235405,
        0.9614730578223378,
        0.9313907826281319,
        0.9646369356032731,
        0.9295044020745262,
        0.9694288824254781,
        0.9225905338838322,
        0.9639234377548282,
        0.9211300729665198,
        0.9159278127169831,
        0.9179118033613989,
        0.942279714413447,
        0.9439046666919767,
        0.9246591297522216,
        0.9315376068016972,
        0.9319835002161324,
        0.9309497138686503,
        0.9664974408396232,
        0.9390850893999984,
        0.9236606505691961,
        0.9493055428743344,
        0.9492285355942122,
        0.9363563760805388,
        0.9502753597530632,
        0.9137950039860888,
        0.9106297800890063,
        0.9150169102660832,
        0.9106523863270898,
        0.9248803315673206,
        0.9138741100712409,
        0.9144324215324428,
        0.9242629786069632,
        0.9493414348869477,
        0.9134599191907968,
        0.9249379889977889,
        0.9257913751418205,
        0.9551710337773955,
        0.9456190979534633,
        0.9394718207435115,
        0.9335511295146504,
        0.9152424375224868,
        0.9215406754278495
    ],