{
    "latency_stateful": [
        0.023779512776657283,
        0.03712285943192705,
        0.04488399385608505,
        0.015213713169814489,
        0.047526671904264295,
        0.03308673104539092,
        0.0420180944079546,
        0.01854853987654281,
        0.01595069616821332,
        0.028117707097989088,
        0.029807543898419844,
        0.020235187664934158,
        0.027343862068904212,
        0.04338580448012581,
        0.037101270423196865,
        0.019565106596264027,
        0.04845162516639398,
        0.027129140964906456,
        0.04317832987532391,
        0.028675317724217934,
        0.010487418302242965,
        0.01087698265377461,
        0.026366187431424826,
        0.036312140819895485,
        0.038239832724053284,
        0.010437625832353832,
        0.033256482540413364,
        0.03448227776799053,
        0.04689671824691193,
        0.04221128049362935,
        0.021708347310020568,
        0.034576943838468086,
        0.03657631196177886,
        0.03966865230681982,
        0.026555073793377675,
        0.047672446795228904,
        0.026731441245380613,
        0.02261678958670544,
        0.04473548626935759,
        0.014229808413449776,
        0.04115546723242155,
        0.02037948640407341,
        0.04693569782078282,
        0.02323541141039637,
        0.012277401078709272,
        0.0189607994491542,
        0.046337191875610355,
        0.03345621453837756,
        0.014582361282250302,
        0.018073669869684103,
        0.027036267220006967,
        0.04636977447398606,
        0.04695764583294799,
        0.03601563501857887,
        0.013223260190612334,
        0.04835336617919589,
        0.03881044572298445,
        0.04927035768198522,
        0.04023094662281179,
        0.015173082967506836
    ],
    "latency_stateless": [
        0.012281326300641892,
        0.011429913904271045,
        0.02108345970908324,
        0.029835221913087934,
        0.013222811892564254,
        0.027879928431706988,
        0.02740349122549951,
        0.024783898082455083,
        0.01726903541614112,
        0.013169112475526419,
        0.027423197308645432,
        0.02190282997509163,
        0.012010378099337414,
        0.012563722617757043,
        0.01213184831306443,
        0.020274495342819027,
        0.020230505992313262,
        0.014902477483155999,
        0.024241712641085142,
        0.029304549955739202,
        0.011753461619809755,
        0.019716131787270937,
        0.022083727666302698,
        0.013421140453937887,
        0.02812245308013147,
        0.017904015801727968,
        0.02350581404069664,
        0.027600972907967924,
        0.010955233656831449,
        0.028983479084665767,
        0.021455044414867862,
        0.015896336722268267,
        0.026791838451400297,
        0.02323194698747634,
        0.027179911371631928,
        0.012573813574852965,
        0.02454978511952373,
        0.016028183721831717,
        0.029222473035558735,
        0.022702288780956266,
        0.012807682812434456,
        0.021998353549492013,
        0.02107208294064716,
        0.02290060551817292,
        0.01523641365884309,
        0.014763406849660014,
        0.029897312182333616,
        0.025944094863765546,
        0.01687953113296057,
        0.016265398567620333,
        0.02499574785718362,
        0.02435708444074511,
        0.024446374169982677,
        0.017963398484357723,
        0.027902051663229586,
        0.014785085828495317,
        0.024246417411627773,
        0.025358597267186617,
        0.029012150296180338,
        0.028802069155440146
    ],
    "throughput_stateful": [
        0.8812567186071515,
        0.8146932445751321,
        0.7755283796243133,
        0.9240346424640588,
        0.7624235836624023,
        0.8347716466803926,
        0.7898032279909687,
        0.907289228022698,
        0.920369055957152,
        0.8593190910275854,
        0.8509199387880042,
        0.8988793371385,
        0.8631997311037035,
        0.7830522070763613,
        0.814637431941607,
        0.9020925636182549,
        0.7582237195174152,
        0.864582705077376,
        0.7841052883912435,
        0.8568863144505265,
        0.947545014849153,
        0.9456520642845355,
        0.8683360363356397,
        0.8182830041181417,
        0.8088053134986467,
        0.9479497372344301,
        0.8337670038554303,
        0.8278568144676904,
        0.7654548758727681,
        0.7889645423757714,
        0.8913337640550685,
        0.8268829333298453,
        0.8175066977559085,
        0.801404891381882,
        0.8671379091917808,
        0.7617244402304513,
        0.8663456348102546,
        0.8868215742538438,
        0.776306650637559,
        0.9290095806097929,
        0.7942714220111814,
        0.8979572612225887,
        0.7653341853228811,
        0.8842388076066673,
        0.9382723971941088,
        0.9050688077819808,
        0.7683873411931122,
        0.832760357632643,
        0.9270708508986342,
        0.9092875662900236,
        0.8649936043470582,
        0.7682984113066383,
        0.7651839284572912,
        0.8197721152830058,
        0.9339928332705502,
        0.7582713751957667,
        0.8062316894012633,
        0.7534591026118119,
        0.7988565421938677,
        0.9243047226114629
    ],
    "throughput_stateless": [
        0.9631560210980743,
        0.9657102582871868,
        0.9367496208727503,
        0.9104943342607362,
        0.9603315643223073,
        0.916360214704879,
        0.9177895263235014,
        0.9256483057526348,
        0.9481928937515767,
        0.9604926625734207,
        0.9177304080740637,
        0.9342915100747251,
        0.9639688657019878,
        0.9623088321467289,
        0.9636044550608067,
        0.9391765139715429,
        0.9393084820230602,
        0.955292567550532,
        0.9272748620767446,
        0.9120863501327824,
        0.9647396151405707,
        0.9408516046381872,
        0.9337488170010919,
        0.9597365786381863,
        0.9156326407596056,
        0.9462879525948161,
        0.9294825578779101,
        0.9171970812760962,
        0.9671342990295057,
        0.9130495627460027,
        0.9356348667553964,
        0.9523109898331952,
        0.919624484645799,
        0.930304159037571,
        0.9184602658851042,
        0.9622785592754411,
        0.9263506446414288,
        0.9519154488345049,
        0.9123325808933238,
        0.9318931336571312,
        0.9615769515626966,
        0.934004939351524,
        0.9367837511780586,
        0.9312981834454812,
        0.9542907590234707,
        0.95570977945102,
        0.9103080634529992,
        0.9221677154087033,
        0.9493614066011183,
        0.951203804297139,
        0.9250127564284492,
        0.9269287466777647,
        0.926660877490052,
        0.9461098045469268,
        0.9162938450103113,
        0.955644742514514,
        0.9272607477651167,
        0.9239242081984401,
        0.9129635491114589,
        0.9135937925336796
    ],