{
    "latency_stateful": [
        0.022999610529440682,
        0.01282752293049624,
        0.017126262090276165,
        0.043052412861811294,
        0.0183111435248879,
        0.026488877843765718,
        0.03952212357489224,
        0.03025511131914598,
        0.034917091630562266,
        0.01804586512389272,
        0.03204945365305343,
        0.013323336192373256,
        0.01790917424165151,
        0.025379106167285684,
        0.03418941506871178,
        0.044312818472175476,
        0.04656229273393352,
        0.02350080961080268,
        0.01127932053194277,
        0.04853240166247398,
        0.015441863191944396,
        0.023693329788190942,
        0.04552751608412049,
        0.019806354621843214,
        0.03885181090952489,
        0.048133690357017964,
        0.04256807744302958,
        0.023655675239346363,
        0.04790877311108714,
        0.012371556718966614,
        0.04999294328463944,
        0.036692273106447626,
        0.030264713226758055,
        0.03936152743532821,
        0.03024917633888346,
        0.03688657149571238,
        0.0336848782357244,
        0.03155045355390578,
        0.03370648475789437,
        0.01844497234881206,
        0.022073106672857428,
        0.01751656066936853,
        0.018969192523230087,
        0.015639670531834193,
        0.022161101291665184,
        0.012593807690749817,
        0.030254155654562645,
        0.021374323968675696,
        0.03961500919458725,
        0.041967687957145706,
        0.028262680391859654,
        0.04812345634606817,
        0.015954027894528315,
        0.03029148037598143,
        0.015233163280599461,
        0.01690602022832416,
        0.014881891184377017,
        0.041886438463155706,
        0.044710135484128465,
        0.02381437414589393
    ],
    "latency_stateless": [
        0.016241620771232822,
        0.02282824967618656,
        0.021668354326119296,
        0.021697341072056432,
        0.02189447479400763,
        0.016677719786524502,
        0.015086688003028538,
        0.014762911332329575,
        0.019190423430902416,
        0.015594103663137264,
        0.013185377723963197,
        0.01972823900641425,
        0.021427720884397514,
        0.018281680479809256,
        0.026568022391705658,
        0.01570151328681883,
        0.014633248864975815,
        0.029607300446105232,
        0.011956763112737656,
        0.024557222483564657,
        0.020156654149470668,
        0.02302771242900587,
        0.015383233122302135,
        0.01660183697225645,
        0.027727347567489735,
        0.02496207207493681,
        0.012199753705192306,
        0.02694784602854426,
        0.010179971584364794,
        0.014309155259187266,
        0.026369348679252072,
        0.016836192278523135,
        0.01421163390967855,
        0.01943266615361959,
        0.018852390912889313,
        0.011590038842839814,
        0.02709247279576764,
        0.02258109849785138,
        0.02879702489584339,
        0.021111001276652885,
        0.025607415746628726,
        0.02395194577057169,
        0.012491679529158677,
        0.029067816783651237,
        0.014605502594640846,
        0.011236155632924481,
        0.01421488208915396,
        0.029325409441301,
        0.01973026975510852,
        0.011891616999136108,
        0.026779169591337255,
        0.012608302517834805,
        0.020760777907602466,
        0.018020817264563872,
        0.02620893395567974,
        0.02023448303376136,
        0.01591196970815912,
        0.02067895811695672,
        0.010589704467924581,
        0.023721142611326105
    ],
    "throughput_stateful": [
        0.885005956303608,
        0.9359529708179865,
        0.9143326171922337,
        0.7849188126421046,
        0.9083782875057111,
        0.8677063141403094,
        0.802599734306058,
        0.8491439447510521,
        0.825537100439654,
        0.9099016628978761,
        0.8395908923617548,
        0.9333241821097108,
        0.9104338360863556,
        0.8732908967612069,
        0.8291586388812954,
        0.7784154982928879,
        0.7671880785875633,
        0.8820946311610481,
        0.9434783004647949,
        0.757269328756959,
        0.9227264002738574,
        0.8813591916731788,
        0.7722521583522401,
        0.9011365309313253,
        0.8056046757260361,
        0.7594545744903131,
        0.7872830567634498,
        0.881904521203361,
        0.7604948235467701,
        0.9383067062269997,
        0.7504749852660839,
        0.8163685687263141,
        0.8492208982272834,
        0.8032660517221005,
        0.8491380800292856,
        0.8155874624377601,
        0.8314864000111697,
        0.8422190182372863,
        0.8312934091541719,
        0.9079415225866314,
        0.8895661674876192,
        0.9121153867425407,
        0.9047426139281625,
        0.9218004850530103,
        0.8893368899282901,
        0.936986237211838,
        0.8490839335341032,
        0.8933177262525319,
        0.8019667763010584,
        0.7900924553397615,
        0.8588575455164689,
        0.7593018737674475,
        0.9202188870991306,
        0.8490542276954541,
        0.9240384041858003,
        0.9156542793878545,
        0.9254772140614012,
        0.7906363147873127,
        0.776376594548067,
        0.880949442209932
    ],
    "throughput_stateless": [
        0.9512751376863016,
        0.9315152509714403,
        0.9349949370216422,
        0.9349079767838306,
        0.9343165756179771,
        0.9499668406404265,
        0.9547399359909143,
        0.9557112660030113,
        0.9424287297072927,
        0.9532176890105882,
        0.9604438668281104,
        0.9408152829807572,
        0.9357168373468074,
        0.9451549585605722,
        0.920295932824883,
        0.9528954601395435,
        0.9561002534050725,
        0.9111780986616843,
        0.964129710661787,
        0.926328332549306,
        0.939530037551588,
        0.9309168627129824,
        0.9538503006330936,
        0.9501944890832307,
        0.9168179572975308,
        0.9251137837751896,
        0.9634007388844231,
        0.9191564619143672,
        0.9694600852469056,
        0.9570725342224382,
        0.9208919539622438,
        0.9494914231644306,
        0.9573650982709644,
        0.9417020015391412,
        0.9434428272613321,
        0.9652298834714805,
        0.918722581612697,
        0.9322567045064458,
        0.9136089253124698,
        0.9366669961700413,
        0.9231777527601138,
        0.9281441626882849,
        0.962524961412524,
        0.9127965496490463,
        0.9561834922160775,
        0.9662915331012265,
        0.9573553537325381,
        0.912023771676097,
        0.9408091907346744,
        0.9643251490025917,
        0.9196624912259882,
        0.9621750924464956,
        0.9377176662771926,
        0.9459375482063084,
        0.9213731981329608,
        0.9392965508987159,
        0.9522640908755227,
        0.9379631256491299,
        0.9682308865962262,
        0.9288365721660217
    ],